url,description,price,rating,review_count
https://amazon.com/gp/slredirect/picassoRedirect.html/ref=pa_sp_atf_aps_sr_pg1_1?ie=UTF8&adId=A004642911LRZN5H60SXN&url=%2FOne-Culture-Foods-Instant-Japanese%2Fdp%2FB07D74TS52%2Fref%3Dsr_1_1_sspa%3Fdchild%3D1%26keywords%3Dinstant%2Bramen%26qid%3D1607228195%26sr%3D8-1-spons%26psc%3D1&qualifier=1607228195&id=2338962289138518&widgetName=sp_atf,"One Culture Foods Bone Broth Instant Cup Noodles, Japanese Spicy Ramen - Natural - Non-GMO (Pack of 8)",$34.95,4.1,321
https://amazon.com/Menraku-Variety-Tonkotsu-Sezchuan-Inspired/dp/B08FCXV1K9/ref=sr_1_2?dchild=1&keywords=instant+ramen&qid=1607228195&sr=8-2,"Menraku Variety Mix Flavors, Shio, Miso, Tonkotsu, Shoyu, Spicy Miso Tonkotsu, Seafood Tonkotsu, Spicy Sesame, Sezchuan Inspired Spicy Sesame, Chicken Paitan, Abura Soba, Tempura Soba, And Udon",$42.99,4.2,57
https://amazon.com/Nissin-Raoh-Miso-3-77-Ounce/dp/B079TGH5B5/ref=sr_1_3?dchild=1&keywords=instant+ramen&qid=1607228195&sr=8-3,"Nissin RAOH, Miso Flavor, Authentic Japanese-Style Ramen, 3.77 Ounce (Pack of 6)",$11.94,4.5,1644
https://amazon.com/Nissin-Demae-Garlic-Instant-Noodles/dp/B00CORJU5S/ref=sr_1_4?dchild=1&keywords=instant+ramen&qid=1607228195&sr=8-4,Nissin Demae Black Garlic Oil Instant Ramen Noodles 30 Packs,$26.98,4.6,954
https://amazon.com/Nongshim-Spicy-Instant-Gourmet-Noodle/dp/B01N8XICPS/ref=sr_1_5?dchild=1&keywords=instant+ramen&qid=1607228195&sr=8-5,Nongshim Shin Spicy Ramen Instant Gourmet Cup Noodle 2.64 Ounce (Pack of 6),$16.93,4.6,742
https://amazon.com/Japanese-populer-ICHIRAN-instant-tonkotsu/dp/B077T7HC88/ref=sr_1_6?dchild=1&keywords=instant+ramen&qid=1607228195&sr=8-6,"Japanese populer Ramen ""ICHIRAN"" instant noodles tonkotsu 5 meals(Japan Import)",$34.00,4.7,750
https://amazon.com/Nissin-Demae-Variety-Tonkotsu-Flavor/dp/B00DU4DG2W/ref=sr_1_7?dchild=1&keywords=instant+ramen&qid=1607228195&sr=8-7,Nissin Demae Ramen Variety Pack (Tonkotsu Series) (Pack of 16 with 4 Each Flavor),$20.99,4.5,320
https://amazon.com/Nissin-Demae-Instant-Noodle-Tonkotsu/dp/B07DKTQLK6/ref=sr_1_8?dchild=1&keywords=instant+ramen&qid=1607228195&sr=8-8,"Nissin Demae Ramen Instant Noodle 3.5oz (Tonkotsu Pork with Galic Oil, 5 Packs)",$10.95,4.5,474
https://amazon.com/Sapporo-Ichiban-Variety-Flavors-Tonkotsu/dp/B088YL1GX8/ref=sr_1_9?dchild=1&keywords=instant+ramen&qid=1607228195&sr=8-9,"Sapporo Ichiban Variety Flavors Mix Packs Instant Ramen Noodles, Tonkotsu, Shio, and Miso Flavors Noodle Soup (Pack of 30)",$41.99,4.6,151
https://amazon.com/Indomie-Instant-Noodles-Certified-Original/dp/B00HXIXWKM/ref=sr_1_10?dchild=1&keywords=instant+ramen&qid=1607228195&sr=8-10,"Indomie Mi Goreng Instant Stir Fry Noodles, Halal Certified, Original Flavor, 3 oz, Pack of 30",$20.60,4.8,2496
https://amazon.com/DREAM-KITCHEN-CUP-RAMEN-ASSORTED/dp/B07YCX9FYC/ref=sr_1_11?dchild=1&keywords=instant+ramen&qid=1607228195&sr=8-11,DREAM KITCHEN CUP RAMEN ASSORTED BOX 2.47 Ounce (Pack of 12) (Assorted),$23.88,4.2,100
https://amazon.com/Thai-Kitchen-Instant-Variety-Minutes/dp/B07JW7T63F/ref=sr_1_12?dchild=1&keywords=instant+ramen&qid=1607228195&sr=8-12,"Thai Kitchen Instant Rice Noodle Soup Variety Pack, Gluten Free Ramen, Ready in 3 Minutes, 1.6oz (Pack of 12)",$19.35,4.1,1606
https://amazon.com/gp/slredirect/picassoRedirect.html/ref=pa_sp_mtf_aps_sr_pg1_1?ie=UTF8&adId=A0720459EK23DIW6JC40&url=%2FHUONG-Instant-Noodles-Vietnamese-Ingredients%2Fdp%2FB086DGBX4Z%2Fref%3Dsr_1_14_sspa%3Fdchild%3D1%26keywords%3Dinstant%2Bramen%26qid%3D1607228195%26sr%3D8-14-spons%26psc%3D1&qualifier=1607228195&id=2338962289138518&widgetName=sp_mtf,"VI HUONG Instant Noodles – Authentic Vietnamese Instant Ramen Soup – Shrimp, Chicken or Pork Flavorful Instant Noodles – 3-min Fast Ramen – Natural Ingredients – Pack of 10 (Pork)",$12.95,4.4,97
https://amazon.com/gp/slredirect/picassoRedirect.html/ref=pa_sp_mtf_aps_sr_pg1_1?ie=UTF8&adId=A0257902247XVZYBQ70DK&url=%2FMama-Instant-Noodle-Shrimp-Flavor%2Fdp%2FB008W9J0KC%2Fref%3Dsr_1_15_sspa%3Fdchild%3D1%26keywords%3Dinstant%2Bramen%26qid%3D1607228195%26sr%3D8-15-spons%26psc%3D1&qualifier=1607228195&id=2338962289138518&widgetName=sp_mtf,"MAMA Noodles SHRIMP TOM YUM Instant Cup of Noodles with Delicious Thai Flavors, Hot And Spicy Noodles With Shrimp Tom Yum Soup Base, No Trans Fat with Fewer Calories Than Deep Fried Noodles (Shrimp Tom Yum Flavor, 6 Pack)",$10.35,4.2,38
https://amazon.com/Nissin-Variety-Tonkotsu-Plastic-Included/dp/B07W5YZ3LG/ref=sr_1_17?dchild=1&keywords=instant+ramen&qid=1607228195&sr=8-17,"Nissin RAOH Ramen Variety Packs Noodle Soup, Tonkotsu, Soy Sauce, and Miso, Forks Included (Pack of 12)",$31.09,4.6,384
https://amazon.com/Nissin-Noodle-Instant-Noodles-Tonkotsu/dp/B079HB4WMQ/ref=sr_1_18?dchild=1&keywords=instant+ramen&qid=1607228195&sr=8-18,Nissin Ramen Noodle Instant Noodles With Soup Base 12 Pack (Black Garlic Oil Tonkotsu Pork),$16.99,4.5,704
https://amazon.com/NongShim-Ramyun-Noodle-Gourmet-Spicy/dp/B00778B90S/ref=sr_1_19?dchild=1&keywords=instant+ramen&qid=1607228195&sr=8-19,"Nongshim Shin Ramyun Noodle Soup, Gourmet Spicy, 4.2 Ounce (Pack of 20)",$31.29,4.7,5807
https://amazon.com/Samyang-Ramen-Chicken-Roasted-Noodles/dp/B00ZGCUJ6M/ref=sr_1_20?dchild=1&keywords=instant+ramen&qid=1607228195&sr=8-20,"Samyang Instant Ramen Noodles, Halal Certified, Spicy Stir-Fried Chicken Flavor (Pack of 10)",$16.95,4.6,2558
https://amazon.com/Nissin-Raoh-Tonkotsu-3-53-Ounce/dp/B079T2XXBM/ref=sr_1_21?dchild=1&keywords=instant+ramen&qid=1607228195&sr=8-21,"Nissin RAOH, Tonkotsu Flavor, Authentic Japanese-Style Ramen, 3.53 Ounce (Pack of 6)",$23.95,4.6,1590
https://amazon.com/MAMA-Instant-Noodle-Shrimp-Flavour/dp/B081SMW7Q9/ref=sr_1_22?dchild=1&keywords=instant+ramen&qid=1607228195&sr=8-22,"MAMA Instant Ramen Noodle, Tom Yum Shrimp Flavor Pack Of 10",$9.80,4.6,1912
https://amazon.com/Indomie-Instant-Noodles-Certified-Original/dp/B000VQDABY/ref=sr_1_23?dchild=1&keywords=instant+ramen&qid=1607228195&sr=8-23,"Indomie Mi Goreng Instant Stir Fry Noodles, Halal Certified, Original Flavor (Pack of 10)",$8.99,4.7,1034
https://amazon.com/Nissin-Ramen-Noodle-Seafood-Ounce/dp/B076N7Z34C/ref=sr_1_24?dchild=1&keywords=instant+ramen&qid=1607228195&sr=8-24,"Nissin Cup Ramen Noodle Soup, Seafood, 2.68 Ounce (Pack of 6)",$13.99,4.5,1657
https://amazon.com/Nissin-Ramen-Noodles-Tonkotsu-Instant/dp/B079R9LTBR/ref=sr_1_25?dchild=1&keywords=instant+ramen&qid=1607228195&sr=8-25,Nissin Ramen Noodles Soup Nissin Demae Tonkotsu Pork Instant Ramen Noodles 7 Packs Free Fork (Tonkotsu Pork),$9.36,4.4,141
https://amazon.com/Sapporo-Ichiban-Noodle-Instant-Original/dp/B08937MJRR/ref=sr_1_26?dchild=1&keywords=instant+ramen&qid=1607228195&sr=8-26,"Sapporo Ichiban Noodle Ramen Instant Bag, Original, 3.5 Ounce (Pack of 30)",$34.95,4.6,74
https://amazon.com/Mikes-Mighty-Good-Tonkotsu-Organic/dp/B07FYQX6RG/ref=sr_1_27?dchild=1&keywords=instant+ramen&qid=1607228195&sr=8-27,"MIKES MIGHTY GOOD Organic Pork Tonkotsu Ramen Cup, 1.7 OZ",$7.19,4.2,251
https://amazon.com/Menraku-Tonkotsu-Ramen-2-9-Ounce-Pack/dp/B004HVEEW8/ref=sr_1_28?dchild=1&keywords=instant+ramen&qid=1607228195&sr=8-28,"Menraku Tonkotsu Ramen, 2.9-Ounce (Pack of 12)",$29.59,4.6,158
https://amazon.com/gp/slredirect/picassoRedirect.html/ref=pa_sp_mtf_aps_sr_pg1_1?ie=UTF8&adId=A0602619326DUNEONXVPN&url=%2FSapporo-Ichiban-Chicken-Momosan-Morimoto%2Fdp%2FB08FHVSG5R%2Fref%3Dsr_1_31_sspa%3Fdchild%3D1%26keywords%3Dinstant%2Bramen%26qid%3D1607228195%26sr%3D8-31-spons%26psc%3D1&qualifier=1607228195&id=2338962289138518&widgetName=sp_mtf,"Sapporo Ichiban Tokyo Chicken Momosan Ramen by Iron Chef Morimoto , 3.44 Ounce (Pack of 30)",$53.99,4.5,206
https://amazon.com/NongShim-Shin-Black-Noodle-Spicy/dp/B017IRZLKQ/ref=sr_1_33?dchild=1&keywords=instant+ramen&qid=1607228195&sr=8-33,"Nongshim Shin Black Noodle Soup, Spicy, 4.58 Ounce (Pack of 10)",$28.27,4.7,1036
https://amazon.com/Mikes-Mighty-Good-Ramen-Chicken/dp/B07DZXJ1CF/ref=sr_1_34_0o_wf?dchild=1&keywords=instant+ramen&qid=1607228195&sr=8-34,"Mike's Mighty Good Ramen Soup, Chicken, 1.6 Oz",$1.52,4.0,825
https://amazon.com/Sapporo-Ichiban-Noodle-Instant-Original/dp/B004AH778M/ref=sr_1_35?dchild=1&keywords=instant+ramen&qid=1607228195&sr=8-35,"Sapporo Ichiban Noodle Instant Bag, Original, 3.5 Ounce (Pack of 24)",$27.66,4.8,974
https://amazon.com/NongShim-Soon-Noodle-Veggie-Ounce/dp/B00PYS5F3A/ref=sr_1_40?dchild=1&keywords=instant+ramen&qid=1607228195&sr=8-40,"Nongshim Soon Noodle Soup, Veggie, 3.95 Ounce (Pack of 10)",$22.99,4.7,1339
https://amazon.com/Oriental-Style-Beef-Noodle-packages/dp/B008GMRFPM/ref=sr_1_42?dchild=1&keywords=instant+ramen&qid=1607228195&sr=8-42,Oriental Style Beef Noodle(30 packages),$24.08,4.7,139
https://amazon.com/Elixir-Curated-Bibimmen-Jjajangmen-Stirfried/dp/B086VVR9ZK/ref=sr_1_43?dchild=1&keywords=instant+ramen&qid=1607228195&sr=8-43,"The Elixir Curated K-Foods Korean Hit Noodle Ramen Variety Pack with Instant Coffee Mix Pack, Bibimmen, Jjajangmen, Gomtang, Volcano Chicken, Stirfried Kimchi, Seafood Ramen Box",$22.90,4.4,97
https://amazon.com/Annie-Chuns-Non-GMO-Shelf-Stable-Japanese-Style/dp/B085HLMFZQ/ref=sr_1_44?dchild=1&keywords=instant+ramen&qid=1607228195&sr=8-44,"Annie Chun's Spicy Miso Ramen Noodle Bowl | Non-GMO, Vegan, Shelf-Stable (Pack Of 6) | Japanese-Style Savory Ready Meal",$21.15,3.9,428
https://amazon.com/Instant-Tokyo-Noodles-Chicken-Flavor/dp/B01DFUVT6K/ref=sr_1_46?dchild=1&keywords=instant+ramen&qid=1607228195&sr=8-46,Mini Instant Tokyo Noodles Value Pack Chicken Flavor 480g (16 Pack),$14.50,4.3,65
https://amazon.com/Miyasaka-Miso-Wakame-Seaweed-Ounce/dp/B00852YYH0/ref=sr_1_49?dchild=1&keywords=instant+ramen&qid=1607228195&sr=8-49,"MIYASAKA JOZO USA INC Instant Miso Soup, 6.21 Ounce",$3.59,4.5,1793
https://amazon.com/Mikes-Mighty-Good-Spicy-Organic/dp/B07FYWKCSD/ref=sr_1_50_0o_wf?dchild=1&keywords=instant+ramen&qid=1607228195&sr=8-50,"MIKES MIGHTY GOOD Spicy Beef Ramen Cup, 1.8 Ounce",$1.52,3.9,620
https://amazon.com/Sapporo-Ichiban-Ramen-3-55-Ounce-Packages/dp/B000H25VVO/ref=sr_1_51?dchild=1&keywords=instant+ramen&qid=1607228195&sr=8-51,"Sapporo Ichiban Ramen, Miso, 3.55-Ounce Packages (Pack of 24)",$23.68,4.8,240
https://amazon.com/Mikes-Mighty-Good-Ramen-Vegetable/dp/B07DZYJHTV/ref=sr_1_52_0o_wf?dchild=1&keywords=instant+ramen&qid=1607228195&sr=8-52,"Mike's Mighty Good Ramen Soup, Vegetable, 1.9 Oz",$1.52,4.2,315
https://amazon.com/Samyang-Korean-Noodles-Variety-Selection/dp/B00KGPBUUS/ref=sr_1_53?dchild=1&keywords=instant+ramen&qid=1607228195&sr=8-53,"Samyang Ramen Korean Noodles, Variety Selection (삼양 라면) (Potato Ramen, 5 Pack)",$10.75,4.5,208
https://amazon.com/Asha-Healthy-Noodles-individual-Original/dp/B079YX6GSY/ref=sr_1_54?dchild=1&keywords=instant+ramen&qid=1607228195&sr=8-54,"Asha Healthy Ramen Noodles (Original, Wide Size Hakka Flat Noodle)",$16.94,4.2,1191
https://amazon.com/Instant-Noodles-Artificial-Flavor-Pkgs-x/dp/B002F0RY20/ref=sr_1_55?dchild=1&keywords=instant+ramen&qid=1607228195&sr=8-55,"MAMA Instant Noodles Artificial Pork Flavor,30 Pkgs.x 2.12 Oz.(60g)",$16.25,4.7,910
https://amazon.com/gp/slredirect/picassoRedirect.html/ref=pa_sp_btf_aps_sr_pg1_1?ie=UTF8&adId=A08930031OG194WEOZXEJ&url=%2FSapporo-Ichiban-Variety-Flavors-Tonkotsu%2Fdp%2FB088YL1GX8%2Fref%3Dsr_1_57_sspa%3Fdchild%3D1%26keywords%3Dinstant%2Bramen%26qid%3D1607228195%26sr%3D8-57-spons%26psc%3D1&qualifier=1607228195&id=2338962289138518&widgetName=sp_btf,"Sapporo Ichiban Variety Flavors Mix Packs Instant Ramen Noodles, Tonkotsu, Shio, and Miso Flavors Noodle Soup (Pack of 30)",$41.99,4.6,151
https://amazon.com/gp/slredirect/picassoRedirect.html/ref=pa_sp_btf_aps_sr_pg1_1?ie=UTF8&adId=A05378422DHGJNFHEPD07&url=%2FElixir-Tteokbokki-Bibimmen-Jjajangmen-Jjamppong%2Fdp%2FB088B8HM89%2Fref%3Dsr_1_58_sspa%3Fdchild%3D1%26keywords%3Dinstant%2Bramen%26qid%3D1607228195%26sr%3D8-58-spons%26psc%3D1&qualifier=1607228195&id=2338962289138518&widgetName=sp_btf,"The Elixir K-Foods Korean Hit Noodle Ramen Variety Pack w/ Tteokbokki Sauce, Instant Coffee Mix Box, Bibimmen, Jjajangmen, Teumsae Ramen, Bul Jjamppong, Volcano Chicken, Seafood Ramen",$25.90,4.4,97
